Company_Name,Country,Sales($B),Profit($B),Assets($B),Market_Value($B),Ranks,Profit/Loss
JPMorgan Chase,United States,179.93,41.8,3744.3,399.59,1,Profit
Saudi Arabian Oil Company (Saudi Aramco),Saudi Arabia,589.47,156.36,660.99,2055.22,2,Profit
ICBC,China,216.77,52.47,6116.82,203.01,3,Profit
China Construction Bank,China,203.08,48.25,4977.48,172.99,4,Profit
Agricultural Bank of China,China,186.14,37.92,5356.86,141.82,5,Profit
Bank of America,United States,133.84,28.62,3194.66,220.82,6,Profit
Alphabet,United States,282.85,58.59,369.49,1340.53,7,Profit
ExxonMobil,United States,393.16,61.69,369.37,439.39,8,Profit
Microsoft,United States,207.59,69.02,380.09,2309.84,9,Profit
Apple,United States,385.1,94.32,332.16,2746.21,10,Profit
Shell,United Kingdom,365.89,43.51,429.15,205.45,11,Profit
Bank of China,China,158.23,33.23,4421.76,122.67,12,Profit
Toyota Motor,Japan,270.49,18.5,542.5,188.2,13,Profit
Samsung Electronics,South Korea,220.07,34.49,348.81,334.31,14,Profit
UnitedHealth Group,United States,335.94,20.7,283.68,460.19,15,Profit
Ping An Insurance Group,China,166.37,12.64,1598.49,138.56,16,Profit
Wells Fargo,United States,108.93,14.5,1886.4,142.36,17,Profit
Chevron,United States,232.12,35.78,255.89,303.54,18,Profit
PetroChina,China,457.4,22.18,384.58,122.91,18,Profit
HSBC Holdings,United Kingdom,73.98,22.19,2989.7,151.19,20,Profit
TotalEnergies,France,257.59,21.12,293.03,151.64,21,Profit
Verizon Communications,United States,136.19,21.59,377.72,159.04,21,Profit
Walmart,United States,611.29,11.68,243.2,409.12,23,Profit
Citigroup,United States,120.42,15.02,2455.11,90.03,24,Profit
China Mobile,Hong Kong,140.53,18.76,290.0,186.41,25,Profit
China Merchants Bank,China,72.44,20.56,1458.48,129.84,26,Profit
Postal Savings Bank Of China (PSBC),China,82.51,12.78,2023.57,110.18,27,Profit
BP,United Kingdom,248.11,25.89,278.66,108.3,28,Profit
Volkswagen Group,Germany,293.47,15.63,633.78,70.16,29,Profit
Morgan Stanley,United States,74.16,10.34,1199.9,141.76,30,Profit
Meta Platforms,United States,117.35,21.44,184.49,599.82,31,Profit
Sinopec,China,453.56,9.85,283.3,114.32,32,Profit
BNP Paribas,France,99.47,10.11,2845.69,78.59,33,Profit
Goldman Sachs Group,United States,79.45,10.56,1538.35,108.72,33,Profit
Tencent Holdings,China,82.41,27.26,227.01,415.36,35,Profit
Amazon,United States,524.9,4.29,464.38,1084.06,36,Profit
Allianz,Germany,134.26,7.08,1139.49,95.45,37,Profit
RBC,Canada,60.22,11.4,1448.66,135.15,38,Profit
Pfizer,United States,92.95,29.04,197.21,216.28,39,Profit
Johnson & Johnson,United States,96.31,12.72,195.97,422.76,40,Profit
Deutsche Telekom,Germany,120.72,8.41,342.62,117.18,41,Profit
Mercedes-Benz Group,Germany,158.78,15.55,286.0,78.49,42,Profit
TD Bank Group,Canada,56.72,11.68,1445.11,112.92,43,Profit
Taiwan Semiconductor,Taiwan,75.03,33.57,165.72,423.17,44,Profit
Reliance Industries,India,109.43,8.3,208.5,189.19,45,Profit
BMW Group,Germany,154.25,11.67,268.98,75.77,46,Profit
LVMH Moët Hennessy Louis Vuitton,France,83.22,14.8,143.7,482.45,47,Profit
AXA Group,France,110.92,6.83,701.25,70.07,48,Profit
Santander,Spain,87.74,10.09,1900.64,56.18,49,Profit
Nestlé,Switzerland,98.87,9.71,146.11,337.66,50,Profit
Comcast,United States,120.11,5.66,259.43,170.46,51,Profit
Equinor,Norway,141.92,28.98,152.49,91.83,52,Profit
Bank of Communications,China,78.29,12.9,1868.96,51.58,53,Profit
Alibaba Group,China,128.26,4.46,254.93,216.59,54,Profit
Procter & Gamble,United States,80.97,14.32,119.85,367.76,55,Profit
Nippon Telegraph & Tel,Japan,97.36,9.0,190.66,106.81,56,Profit
Sony,Japan,85.15,6.92,240.75,115.17,57,Profit
Petrobras,Brazil,124.17,36.47,184.99,63.03,58,Profit
Glencore International,Switzerland,254.93,16.98,132.58,70.0,59,Profit
Industrial Bank,China,59.08,12.97,1430.04,51.49,60,Profit
Stellantis,Netherlands,188.75,17.66,198.68,49.84,61,Profit
China Life Insurance,China,124.43,4.87,754.95,55.83,62,Profit
American Express,United States,59.29,7.18,235.84,113.46,63,Profit
General Electric,United States,74.02,8.56,164.47,109.16,64,Profit
CVS Health,United States,331.17,3.97,239.33,90.61,65,Profit
China State Construction Engineering,China,303.78,7.7,394.94,41.38,66,Profit
The Home Depot,United States,157.4,17.11,76.44,293.95,67,Profit
Cigna,United States,182.8,6.75,142.69,77.45,68,Profit
Tesla,United States,86.03,11.79,86.83,539.0,69,Profit
General Motors,United States,160.74,9.39,267.0,46.23,70,Profit
CITIC,Hong Kong,98.48,9.64,1511.12,38.4,71,Profit
Anheuser-Busch InBev,Belgium,57.83,6.06,214.82,128.21,72,Profit
Merck & Co.,United States,57.09,13.03,107.8,298.74,73,Profit
AbbVie,United States,56.74,7.54,134.54,261.92,74,Profit
Mitsubishi,Japan,161.02,9.49,171.08,53.5,75,Profit
Roche Holding,Switzerland,66.26,13.01,95.28,253.99,76,Profit
State Bank of India,India,56.54,5.99,695.2,62.88,77,Profit
Elevance Health,United States,160.67,6.21,109.04,110.11,78,Profit
Raytheon Technologies,United States,68.57,5.54,161.64,141.12,79,Profit
Oracle,United States,47.96,8.37,131.62,261.8,80,Profit
Eni,Italy,132.38,13.12,154.13,49.97,81,Profit
PepsiCo,United States,88.05,6.58,93.04,267.64,82,Profit
ConocoPhillips,United States,75.2,15.84,91.44,121.45,83,Profit
Bank of Montreal,Canada,37.56,8.29,858.63,62.48,84,Profit
CNOOC,Hong Kong,59.08,21.09,133.64,72.94,85,Profit
Sumitomo Mitsui Financial,Japan,41.54,6.45,2005.65,56.64,85,Profit
Walt Disney,United States,84.07,3.32,202.12,183.63,87,Profit
Bank of Nova Scotia,Canada,40.24,6.88,1030.04,59.34,88,Profit
Sanofi,France,45.19,8.8,135.24,140.17,89,Profit
BHP Group,Australia,59.95,19.51,87.82,150.43,90,Profit
Mitsubishi UFJ Financial,Japan,60.22,3.07,2966.29,76.89,91,Profit
UBS,Switzerland,39.89,6.55,1053.13,58.28,92,Profit
Cisco Systems,United States,53.16,11.3,95.84,189.43,93,Profit
Novartis,Switzerland,50.95,7.0,112.24,208.15,94,Profit
United Parcel Service,United States,98.55,10.78,72.19,151.1,95,Profit
Coca-Cola,United States,43.31,9.87,97.4,276.86,96,Profit
Siemens,Germany,77.3,3.74,153.61,130.65,97,Profit
Itaú Unibanco Holding,Brazil,53.17,5.75,441.4,51.28,98,Profit
Costco Wholesale,United States,234.39,6.05,66.85,221.32,99,Profit
Commonwealth Bank,Australia,25.33,6.96,835.78,109.21,100,Profit
Rio Tinto,United Kingdom,55.34,12.15,96.74,102.09,101,Profit
Iberdrola,Spain,59.55,4.89,165.07,81.39,102,Profit
BBVA-Banco Bilbao Vizcaya,Spain,51.94,6.72,803.5,41.23,103,Profit
Hyundai Motor,South Korea,114.55,7.02,203.07,38.94,104,Profit
Unilever,United Kingdom,63.11,8.05,83.05,140.02,104,Profit
Zurich Insurance Group,Switzerland,41.89,4.61,352.12,70.97,106,Profit
Deere & Company,United States,55.63,8.19,91.62,112.92,107,Profit
Mitsui,Japan,105.57,8.34,115.57,48.16,107,Profit
Honda Motor,Japan,124.68,5.38,182.97,44.94,109,Profit
British American Tobacco,United Kingdom,34.06,8.15,184.7,78.9,110,Profit
Bristol Myers Squibb,United States,45.85,7.31,94.28,143.15,111,Profit
Chubb,Switzerland,44.7,5.23,179.83,82.39,112,Profit
Intesa Sanpaolo,Italy,36.36,5.83,1037.75,48.86,112,Profit
Munich Re,Germany,79.52,3.61,324.75,51.22,114,Profit
Shanghai Pudong Development,China,56.25,7.63,1289.67,32.96,115,Profit
Hon Hai Precision,Taiwan,222.29,4.75,134.5,47.5,116,Profit
Marathon Petroleum,United States,174.05,16.39,87.04,45.36,117,Profit
Thermo Fisher Scientific,United States,43.81,6.02,94.66,210.74,118,Profit
Caterpillar,United States,61.7,7.11,83.65,110.97,119,Profit
Charles Schwab,United States,23.86,7.38,535.6,88.21,119,Profit
Contemporary Amperex Technology,China,53.66,5.7,93.16,143.97,121,Profit
Visa,United States,30.98,15.48,86.75,477.38,122,Profit
American International Group,United States,51.42,6.05,463.77,39.49,123,Profit
Ford Motor,United States,165.06,2.89,256.8,47.79,124,Profit
Itochu,Japan,104.49,6.26,103.07,49.18,125,Profit
AstraZeneca,United Kingdom,43.85,4.73,96.69,233.12,126,Profit
AIRBUS,France,60.87,3.63,128.27,106.13,127,Profit
HDFC Bank,India,25.47,5.72,307.9,110.88,128,Profit
Credit Agricole,France,51.3,5.28,2313.39,34.4,129,Profit
VINCI,France,65.44,4.48,119.52,67.8,129,Profit
China Shenhua Energy,China,51.98,8.0,94.22,67.73,131,Profit
US Bancorp,United States,31.42,5.95,682.38,47.07,132,Profit
China Citic Bank,China,55.18,9.33,1278.63,27.13,133,Profit
Broadcom,United States,34.41,12.8,72.98,262.71,134,Profit
NextEra Energy,United States,24.27,6.68,165.36,152.79,135,Profit
Phillips 66,United States,167.87,12.39,77.26,42.88,136,Profit
Bayer,Germany,53.33,4.36,139.69,63.47,137,Profit
Charter Communications,United States,54.48,4.87,144.87,53.56,138,Profit
Vale,Brazil,41.43,15.98,87.72,61.72,139,Profit
NAB - National Australia Bank,Australia,26.27,4.99,702.09,56.1,140,Profit
Hitachi,Japan,80.29,4.79,93.93,53.76,141,Profit
Abbott Laboratories,United States,41.51,5.78,73.79,193.48,142,Profit
Japan Post Holdings,Japan,83.79,3.61,2228.09,28.96,143,Profit
ANZ,Australia,28.27,4.88,744.23,48.13,144,Profit
Danaher,United States,30.95,6.93,85.04,178.9,145,Profit
China Telecom,China,70.29,4.1,119.86,51.07,146,Profit
Lloyds Banking Group,United Kingdom,27.97,7.05,1095.15,37.83,147,Profit
Capital One,United States,41.33,5.84,471.66,33.54,148,Profit
PNC Financial Services,United States,26.18,6.28,561.78,46.37,149,Profit
Brookfield Corporation,Canada,94.47,2.0,441.28,48.84,150,Profit
PICC,China,93.38,3.48,216.23,37.15,150,Profit
Generali Group,Italy,91.78,3.06,552.89,31.51,152,Profit
Mizuho Financial,Japan,32.03,4.52,1908.3,37.5,152,Profit
Deutsche Post,Germany,96.47,5.12,73.18,55.25,154,Profit
Truist Financial,United States,28.0,6.36,574.35,38.21,155,Profit
China Pacific Insurance,China,68.07,4.16,300.52,31.02,156,Profit
Amgen,United States,25.93,7.92,88.72,126.38,157,Profit
KDDI,Japan,42.7,4.95,88.02,68.67,158,Profit
Lockheed Martin,United States,66.15,5.69,54.62,115.37,159,Profit
Accenture,Ireland,63.14,6.94,47.73,176.02,160,Profit
Lowe's,United States,97.06,6.41,45.27,122.74,161,Profit
Linde,United Kingdom,33.35,4.49,80.31,179.61,162,Profit
ICICI Bank,India,23.17,4.24,238.31,79.15,163,Profit
Barclays,United Kingdom,30.93,6.5,1902.96,30.04,164,Profit
Valero Energy,United States,174.43,13.64,60.18,38.7,165,Profit
Philip Morris International,United States,31.81,8.69,62.06,148.33,166,Profit
FedEx,United States,92.62,2.99,85.78,57.63,167,Profit
MetLife,United States,69.53,1.95,674.27,41.86,167,Profit
Occidental Petroleum,United States,36.25,13.22,74.76,54.63,167,Profit
BYD,China,68.06,2.89,79.61,87.01,170,Profit
Banco do Brasil,Brazil,53.98,5.76,380.27,24.85,171,Profit
Medtronic,Ireland,30.77,4.07,94.13,119.82,171,Profit
Banco Bradesco,Brazil,56.26,3.49,357.45,31.6,173,Profit
Møller-Maersk,Denmark,76.61,24.83,85.49,30.17,174,Profit
IBM,United States,60.58,1.83,133.64,112.28,175,Profit
UniCredit,Italy,21.03,6.79,915.46,40.14,176,Profit
América Móvil,Mexico,43.57,3.84,88.24,66.81,177,Profit
Enel,Italy,132.19,1.34,229.91,68.9,178,Profit
Southern Company,United States,29.12,3.36,134.76,81.72,179,Profit
Qualcomm,United States,41.07,10.54,48.36,121.18,180,Profit
Oversea-Chinese Banking,Singapore,25.39,4.17,417.5,42.89,181,Profit
L'Oréal,France,40.21,6.0,49.99,250.39,182,Profit
Canadian Imperial Bank,Canada,28.83,3.65,690.97,37.69,183,Profit
HCA Healthcare,United States,60.88,5.73,52.71,76.52,184,Profit
Duke Energy,United States,29.14,2.67,183.34,76.52,185,Profit
Honeywell International,United States,35.94,5.23,59.88,132.08,186,Profit
GSK,United Kingdom,35.0,5.35,72.45,74.45,187,Profit
Deutsche Bank,Germany,44.54,5.59,1419.75,21.65,188,Profit
McKesson,United States,273.9,3.14,62.69,50.1,189,Profit
DBS,Singapore,16.11,5.94,554.45,61.9,190,Profit
China Everbright Bank,China,41.48,6.65,974.22,19.73,191,Profit
Mondelez International,United States,32.9,3.94,72.79,105.63,192,Profit
Tokio Marine Holdings,Japan,48.67,2.42,216.93,39.82,193,Profit
Union Pacific,United States,25.07,7.0,65.97,122.69,194,Profit
Enbridge,Canada,37.69,2.11,130.84,80.51,195,Profit
Porsche Automobil Holding,Germany,41.27,5.56,50.07,115.76,195,Profit
Westpac Banking Group,Australia,18.71,4.05,653.08,50.44,197,Profit
China Railway Group,China,171.53,4.37,232.03,18.82,198,Profit
Midea Group,China,52.99,4.42,64.19,56.21,199,Profit
ING Group,Netherlands,19.51,3.86,1032.9,43.32,200,Profit
Eli Lilly,United States,27.69,5.69,53.16,406.11,201,Profit
Humana,United States,95.64,3.12,54.78,66.85,201,Profit
Target,United States,109.12,2.78,53.34,71.95,203,Profit
Archer Daniels Midland,United States,102.28,4.46,58.8,41.37,204,Profit
NatWest Group,United Kingdom,22.71,4.7,860.1,31.03,205,Profit
Schneider Electric,France,35.92,3.65,62.29,97.63,206,Profit
National Grid,United Kingdom,26.72,4.0,112.27,53.39,207,Profit
Qatar National Bank,Qatar,21.18,3.84,323.6,43.04,207,Profit
E.ON,Germany,121.56,1.93,163.48,34.79,209,Profit
China Minsheng Bank,China,45.01,4.7,1043.73,18.63,210,Profit
Nike,United States,50.64,5.48,38.29,194.58,210,Profit
Gilead Sciences,United States,26.84,5.58,61.88,99.48,212,Profit
RWE Group,Germany,40.32,2.86,188.79,33.95,213,Profit
ArcelorMittal,Luxembourg,79.53,9.04,94.55,21.15,214,Profit
BlackRock,United States,17.39,4.9,121.4,96.82,215,Profit
Suncor Energy,Canada,44.92,6.97,62.45,39.03,215,Profit
McDonald's,United States,23.41,6.88,52.01,216.55,217,Profit
Canadian Natural Resources,Canada,30.42,7.28,55.61,63.25,218,Profit
Nordea Bank,Finland,17.97,4.64,656.35,38.57,219,Profit
China Resources Land,Hong Kong,30.61,4.14,155.55,33.12,220,Profit
SAP,Germany,32.48,2.11,79.89,156.95,221,Profit
Travelers,United States,37.79,2.78,108.9,42.11,222,Profit
Netflix,United States,31.91,4.2,49.49,143.48,223,Profit
JD.com,China,155.26,1.49,85.63,56.26,224,Profit
Dell Technologies,United States,101.56,2.44,89.61,33.2,225,Profit
Oil & Natural Gas,India,86.06,5.38,77.27,24.65,226,Profit
CK Hutchison,Hong Kong,33.52,4.68,147.14,26.21,227,Profit
China Vanke,China,75.64,3.33,253.66,18.4,228,Profit
Vodafone,United Kingdom,49.74,2.25,154.24,32.36,229,Profit
Volvo Group,Sweden,48.07,3.71,63.11,41.03,230,Profit
Seven & I Holdings,Japan,88.03,2.09,77.46,40.76,231,Profit
HDFC,India,19.04,3.26,132.82,60.58,232,Profit
Bank of New York Mellon,United States,23.05,2.78,425.11,33.11,233,Profit
Anglo American,United Kingdom,35.05,4.37,67.41,41.3,234,Profit
Mastercard,United States,22.82,9.66,38.94,364.34,235,Profit
Novo Nordisk,Denmark,26.32,8.54,36.47,359.43,236,Profit
Northrop Grumman,United States,37.11,4.78,44.24,67.85,237,Profit
PTT,Thailand,96.0,2.61,98.62,25.6,238,Profit
PayPal,United States,27.06,2.42,78.72,84.18,239,Profit
ASML Holding,Netherlands,25.36,7.16,38.19,254.33,240,Profit
NVIDIA,United States,26.97,4.37,41.18,708.4,241,Profit
3M,United States,33.43,5.45,46.89,57.02,242,Profit
Poly Developments & Holdings Group,China,40.07,2.7,210.72,24.7,243,Profit
General Dynamics,United States,39.9,3.39,52.1,58.14,244,Profit
Macquarie Group,Australia,17.22,3.43,260.81,44.21,245,Profit
EOG Resources,United States,28.43,9.39,41.02,66.77,246,Profit
Takeda Pharmaceutical,Japan,29.99,2.09,102.35,52.78,247,Profit
Air Liquide,France,31.46,2.9,52.85,93.96,248,Profit
Aflac,United States,19.03,4.36,133.87,40.84,249,Profit
Sun Life Financial,Canada,31.56,2.4,240.68,28.42,250,Profit
Orange,France,45.69,2.05,120.79,34.05,251,Profit
Cosco Shipping,China,58.34,16.42,73.62,18.5,252,Profit
Kraft Heinz Company,United States,26.93,2.42,90.94,50.71,252,Profit
Nutrien,Canada,37.75,7.61,54.59,32.33,254,Profit
Standard Chartered,United Kingdom,28.57,2.84,820.68,21.36,255,Profit
KIA,South Korea,70.17,4.96,58.29,26.04,256,Profit
Dow,United States,53.49,2.9,59.32,38.48,257,Profit
SAIC Motor,China,102.5,1.95,137.97,23.04,258,Profit
Centene,United States,146.25,1.48,82.98,37.53,259,Profit
The Saudi National Bank,Saudi Arabia,11.77,5.09,260.02,58.23,260,Profit
Sumitomo,Japan,50.33,4.51,77.25,22.82,261,Profit
EssilorLuxottica,France,25.74,2.26,64.63,90.12,262,Profit
"Merck KGaA, Darmstadt, Germany and its affiliates",Germany,23.36,3.49,52.34,79.2,263,Profit
Schlumberger,United States,29.93,3.87,43.85,65.21,264,Profit
China Railway Construction,China,160.59,3.93,231.63,12.46,265,Profit
Kroger,United States,148.26,2.22,52.21,35.32,266,Profit
Marubeni,Japan,73.47,4.24,61.62,23.83,266,Profit
Holcim,Switzerland,30.56,3.45,62.26,39.59,268,Profit
Dai-ichi Life Insurance,Japan,57.61,1.98,480.84,18.03,269,Profit
Nippon Steel,Japan,59.52,4.92,71.85,19.78,270,Profit
Denso,Japan,47.24,2.32,55.67,44.85,271,Profit
Royal Ahold Delhaize N.V.,Netherlands,91.42,2.68,51.82,32.37,271,Profit
Inditex,Spain,34.1,4.32,32.56,108.47,273,Profit
KBC Group,Belgium,18.46,2.95,379.8,29.1,273,Profit
Diageo,United Kingdom,20.84,4.41,46.58,104.22,275,Profit
Manulife,Canada,12.23,5.6,591.34,36.63,275,Profit
China Unicom,Hong Kong,52.78,2.52,92.45,24.33,277,Profit
KB Financial Group,South Korea,44.38,3.31,557.09,14.15,278,Profit
SK Hynix,South Korea,34.53,1.73,82.14,46.11,279,Profit
Saint-Gobain,France,53.81,3.16,59.1,29.32,280,Profit
Cheniere Energy,United States,33.3,7.73,40.27,36.0,281,Profit
Daimler Truck Holding,Germany,53.54,2.8,68.27,26.35,282,Profit
PKN Orlen,Poland,62.44,7.94,62.18,17.6,283,Profit
Zijin Mining Group,China,40.31,2.84,45.89,45.69,284,Profit
Kweichow Moutai,China,16.65,9.67,37.6,318.07,285,Profit
Telefónica,Spain,42.03,2.06,117.02,25.48,286,Profit
AmerisourceBergen,United States,247.54,1.62,58.77,34.01,287,Profit
Al Rajhi Bank,Saudi Arabia,10.29,4.52,206.78,79.36,288,Profit
Power Construction Corporation of China,China,83.9,1.71,161.04,19.29,289,Profit
Repsol,Spain,76.12,4.13,65.31,18.84,290,Profit
First Abu Dhabi Bank,United Arab Emirates,13.11,3.19,322.75,42.39,291,Profit
Fiserv,United States,18.15,2.42,76.55,74.26,292,Profit
Automatic Data Processing,United States,17.66,3.26,59.88,89.02,293,Profit
EnBW-Energie Baden,Germany,58.86,1.83,87.93,26.95,293,Profit
TJX Cos,United States,49.94,3.5,28.35,90.48,295,Profit
Saudi Electricity,Saudi Arabia,19.2,4.03,129.01,27.29,296,Profit
CaixaBank,Spain,15.43,3.42,672.2,26.5,297,Profit
ABB,Switzerland,30.37,2.89,40.04,66.75,298,Profit
Posco,South Korea,63.21,2.43,78.82,21.73,299,Profit
Shinhan Financial Group,South Korea,33.38,3.46,534.51,13.85,300,Profit
Altria Group,United States,20.63,5.58,36.83,83.34,301,Profit
Starbucks,United States,33.97,3.55,28.61,122.91,302,Profit
Power Corp of Canada,Canada,55.77,1.51,523.0,17.76,303,Profit
CRH,Ireland,32.84,3.83,45.19,36.36,304,Profit
International Holding Company,United Arab Emirates,13.85,3.44,62.09,236.0,305,Profit
Exelon,United States,19.31,2.24,96.92,42.62,306,Profit
Longfor Group Holdings,China,37.0,3.57,113.18,17.11,306,Profit
Bank Rakyat Indonesia (BRI),Indonesia,13.16,3.45,119.84,53.79,308,Profit
Woodside Energy Group,Australia,16.97,6.61,59.32,42.33,309,Profit
American Electric,United States,19.72,1.99,94.52,47.42,310,Profit
Ecopetrol,Colombia,33.67,7.85,62.45,18.76,311,Profit
Femsa,Mexico,35.86,3.46,44.9,35.05,312,Profit
Sempra,United States,18.21,2.5,80.55,48.75,312,Profit
Société Générale,France,53.33,1.49,1586.81,16.19,314,Profit
Texas Instruments,United States,19.5,8.22,29.22,150.51,315,Profit
Applied Materials,United States,26.14,6.45,27.96,98.08,316,Profit
Pioneer Natural Resources,United States,22.83,7.04,36.11,49.6,317,Profit
Bank of Ningbo,China,14.69,3.49,367.56,26.45,318,Profit
Nucor,United States,39.73,6.63,32.25,35.85,319,Profit
Cenovus Energy,Canada,47.58,4.13,39.9,30.3,320,Profit
Bank Of Jiangsu,China,19.88,3.94,464.1,16.45,321,Profit
Micron Technology,United States,23.06,1.61,66.52,67.01,322,Profit
Couche Tard,Canada,71.78,2.89,28.32,51.12,323,Profit
PG&E,United States,21.68,1.81,128.5,34.33,324,Profit
Freeport-McMoRan,United States,22.37,2.59,50.91,52.27,325,Profit
Huaxia Bank,China,24.86,3.68,586.32,13.84,326,Profit
United Overseas Bank,Singapore,12.0,3.32,375.98,35.36,327,Profit
Kering,France,21.39,3.8,36.22,75.52,328,Profit
Emirates NBD,United Arab Emirates,14.65,4.58,212.98,24.17,329,Profit
Shin-Etsu Chemical,Japan,20.73,5.23,35.54,59.75,330,Profit
Gree Electric Appliances,China,27.51,3.59,55.97,28.16,331,Profit
Discover Financial Services,United States,16.95,4.1,133.06,24.37,332,Profit
Citic Securities,China,13.55,3.15,209.61,32.11,333,Profit
Lennar,United States,33.98,4.65,36.57,32.83,334,Profit
China Communications Construction,China,106.77,2.77,218.83,10.94,335,Profit
PDD Holdings,Ireland,19.28,4.63,34.11,83.21,336,Profit
Progressive,United States,52.05,0.8555,74.52,75.82,336,Profit
Berkshire Hathaway,United States,302.09,-22.82,948.45,707.21,338,Loss
LG Chem,South Korea,41.81,1.39,53.76,43.26,339,Profit
D.R. Horton,United States,33.66,5.18,31.17,36.88,340,Profit
Principal Financial Group,United States,17.2,4.3,278.53,17.36,341,Profit
Delta Air Lines,United States,53.99,1.9,73.13,21.81,342,Profit
Marsh & McLennan,United States,21.07,3.21,34.36,88.73,343,Profit
DNB Bank,Norway,12.41,3.5,337.71,27.17,344,Profit
Corebridge Financial,United States,26.41,8.15,333.44,10.78,345,Profit
Wilmar International,Singapore,73.41,2.4,60.4,18.27,346,Profit
Ameriprise Financial,United States,15.98,2.21,166.64,30.34,347,Profit
Bank of Beijing,China,18.58,3.63,509.66,14.78,348,Profit
Kinder Morgan,United States,18.25,2.55,68.93,38.19,349,Profit
Fannie Mae,United States,125.57,12.29,4317.46,0.511,350,Profit
LyondellBasell Industries,United Kingdom,47.54,3.03,36.26,30.05,351,Profit
Stryker,United States,18.95,2.63,36.83,108.08,351,Profit
Dollar General,United States,37.84,2.42,31.94,47.97,353,Profit
Japan Tobacco,Japan,20.23,3.42,47.69,38.6,354,Profit
HP,United States,58.58,2.6,36.15,29.68,355,Profit
Panasonic,Japan,62.27,1.69,60.68,23.07,356,Profit
OMV Group,Austria,59.73,3.62,59.08,15.17,357,Profit
Paccar,United States,30.83,3.15,34.83,38.02,358,Profit
CSX,United States,15.15,4.29,41.48,64.77,359,Profit
Becton Dickinson,United States,18.81,1.65,54.39,72.04,360,Profit
S&P Global,United States,11.95,2.81,62.02,113.62,361,Profit
Eaton,Ireland,21.39,2.57,35.52,68.18,362,Profit
Life Insurance Corp. of India,India,100.35,0.5536,561.41,43.31,362,Profit
State Street,United States,14.04,2.72,290.82,22.9,364,Profit
Analog Devices,United States,12.58,3.43,50.23,92.77,365,Profit
Adobe,United States,17.82,4.74,26.67,159.81,366,Profit
Freddie Mac,United States,90.36,7.52,3224.98,0.287,366,Profit
Nokia,Finland,26.44,4.49,45.6,23.06,368,Profit
Saudi Telecom,Saudi Arabia,17.96,3.24,36.51,57.59,369,Profit
AT&T,United States,121.17,-9.11,400.87,122.46,370,Loss
Orix,Japan,20.05,2.37,110.3,19.66,371,Profit
Banco Btg Pactual,Brazil,15.49,1.52,85.35,50.77,372,Profit
National Bank of Canada,Canada,12.28,2.55,313.52,25.45,373,Profit
BCE,Canada,18.42,2.06,51.7,43.73,374,Profit
Banorte,Mexico,16.82,2.26,106.23,24.74,375,Profit
Canadian National Railway,Canada,13.39,4.1,37.61,80.38,376,Profit
TAQA,United Arab Emirates,13.73,2.19,49.42,97.36,376,Profit
Daikin Industries,Japan,28.84,1.89,31.64,54.92,378,Profit
Consolidated Edison,United States,15.97,2.49,62.8,34.48,379,Profit
Reckitt Benckiser Group,United Kingdom,17.8,2.88,34.57,58.15,380,Profit
Swiss Life Holding,Switzerland,21.32,1.52,234.9,18.16,380,Profit
Naturgy Energy Group,Spain,35.7,1.73,43.11,30.16,382,Profit
MS&AD Insurance,Japan,37.89,1.11,189.3,17.72,383,Profit
Shaanxi Coal Industry,China,23.36,5.3,32.71,27.8,384,Profit
Poste Italiane,Italy,29.3,1.61,285.67,13.54,385,Profit
General Mills,United States,19.95,2.8,31.2,52.75,386,Profit
Tata Consultancy Services,India,27.9,5.24,17.48,144.52,386,Profit
Baoshan Iron & Steel,China,52.56,1.5,57.27,20.45,388,Profit
SEB AB,Sweden,10.84,2.88,366.63,23.63,388,Profit
WM,United States,19.93,2.26,31.29,68.52,390,Profit
Erste Group Bank,Austria,17.55,2.3,372.57,14.52,391,Profit
Tyson Foods,United States,53.61,2.43,36.68,21.16,392,Profit
Booking Holdings,United States,18.17,4.02,25.21,94.89,393,Profit
Koç Holding,Turkey,54.65,4.48,86.81,9.85,394,Profit
BAE Systems,United Kingdom,26.18,1.96,37.85,38.08,395,Profit
Heineken,Netherlands,30.18,1.41,57.01,27.58,396,Profit
United Airlines Holdings,United States,48.82,1.92,70.42,14.7,397,Profit
Haier Smart Home,China,36.13,2.22,34.65,29.13,398,Profit
Johnson Controls International,Ireland,26.09,1.39,43.42,42.67,399,Profit
Cummins,United States,30.14,2.52,31.43,32.05,400,Profit
Wanhua Chemical Group,China,24.04,2.18,34.6,40.94,401,Profit
EDF,France,150.79,-19.5,414.23,52.83,402,Loss
Bank Of Shanghai,China,15.28,3.28,432.22,13.48,403,Profit
China Yangtze Power,China,8.23,3.18,84.4,78.24,404,Profit
BT Group,United Kingdom,26.66,2.21,59.76,19.31,405,Profit
CRRC,China,32.34,1.74,65.25,18.69,406,Profit
Hartford Financial Services,United States,22.88,1.91,67.32,21.63,407,Profit
Dominion Energy,United States,16.84,0.994,104.24,47.18,408,Profit
Mitsubishi Electric,Japan,36.92,1.58,41.95,26.99,409,Profit
Etisalat,United Arab Emirates,14.19,2.66,39.95,55.42,410,Profit
Fresenius,Germany,42.71,1.44,81.55,15.6,411,Profit
Toyota Tsusho,Japan,72.67,2.1,47.91,14.92,412,Profit
Bridgestone,Japan,31.25,1.98,37.6,27.83,413,Profit
Fortescue Metals Group,Australia,17.05,5.75,27.97,42.0,414,Profit
CEZ Group,Czech Republic,15.16,3.46,48.93,30.29,415,Profit
Xcel Energy,United States,15.62,1.77,60.95,38.29,416,Profit
ENEOS Holdings,Japan,111.2,2.29,81.0,10.11,417,Profit
Bank Mandiri,Indonesia,10.0,2.72,120.8,32.58,418,Profit
Talanx,Germany,56.19,1.23,200.25,12.11,418,Profit
Hana Financial Group,South Korea,29.41,2.8,449.88,9.17,420,Profit
Tesco,United Kingdom,79.69,0.9004,55.85,25.94,421,Profit
Intel,United States,56.42,-2.86,185.3,129.26,422,Loss
Axis Bank,India,13.21,1.34,163.59,32.54,423,Profit
Nissan Motor,Japan,74.28,0.9826,128.5,14.52,424,Profit
AIA Group,Hong Kong,41.67,0.2829,297.93,120.4,425,Profit
Marriott International,United States,22.19,2.74,24.86,53.56,426,Profit
Boeing,United States,70.54,-4.13,136.35,119.32,427,Loss
Credit Suisse Group,Switzerland,39.83,5.66,591.42,3.44,428,Profit
Carrefour,France,87.32,1.42,60.35,14.33,429,Profit
Danone,France,29.07,0.9932,48.33,42.51,430,Profit
Yankuang Energy Group,China,22.98,4.56,44.39,16.35,431,Profit
Regeneron Pharmaceuticals,United States,12.37,4.18,30.06,83.3,432,Profit
Canon,Japan,30.43,1.88,39.51,24.32,433,Profit
NTPC,India,21.5,2.19,54.1,20.65,433,Profit
Emerson Electric,United States,17.5,2.0,36.15,48.23,435,Profit
London Stock Exchange,United Kingdom,9.54,1.04,1004.61,53.39,436,Profit
IntercontinentalExchange,United States,9.08,1.44,151.55,60.64,437,Profit
Norfolk Southern,United States,12.96,3.03,39.17,47.51,438,Profit
Pernod Ricard,France,12.46,2.52,39.35,60.47,439,Profit
Michelin Group,France,30.05,2.1,37.72,23.13,440,Profit
Komatsu,Japan,26.25,2.41,36.64,23.62,441,Profit
Softbank,Japan,55.25,-23.11,320.92,56.05,442,Loss
DuPont De Nemours,United States,12.76,5.57,41.21,30.07,443,Profit
Sysco,United States,75.55,1.55,22.7,38.9,444,Profit
Devon Energy,United States,20.64,5.96,23.72,32.94,445,Profit
Orsted,Denmark,16.9,1.65,44.72,39.16,446,Profit
American Tower,United States,10.82,1.39,66.82,91.69,447,Profit
Lam Research,United States,18.84,4.92,19.24,71.17,447,Profit
Fairfax Financial,Canada,28.32,1.25,79.01,18.28,449,Profit
Larsen & Toubro,India,22.62,1.29,39.68,40.85,449,Profit
Infineon Technologies,Germany,16.46,2.92,28.72,47.58,451,Profit
Investor AB,Sweden,8.11,2.62,73.17,65.58,452,Profit
Aon,Ireland,12.68,2.62,34.25,67.07,453,Profit
Bank of Nanjing,China,12.73,2.75,312.65,14.05,454,Profit
Baidu,China,18.36,1.09,56.24,42.0,455,Profit
DSV Panalpina,Denmark,30.12,2.3,22.57,41.21,456,Profit
ENGIE,France,98.65,0.2281,251.33,38.78,457,Profit
Sherwin-Williams,United States,22.59,2.13,23.13,59.53,458,Profit
Sun Hung Kai Properties,Hong Kong,8.33,2.4,102.72,40.84,459,Profit
Daiwa House Industry,Japan,35.84,1.7,47.69,16.8,460,Profit
Prologis,United States,6.52,2.68,88.52,118.61,461,Profit
Bank Central Asia,Indonesia,6.71,2.93,88.15,75.6,462,Profit
Moderna,United States,14.92,4.78,24.13,52.24,462,Profit
Hyundai Mobis,South Korea,40.17,1.92,43.82,15.14,464,Profit
M&T Bank,United States,10.1,2.33,202.96,19.9,465,Profit
Carrier Global,United States,21.04,2.53,26.41,35.38,466,Profit
CSL,Australia,11.72,2.17,35.45,97.91,467,Profit
CNH Industrial,United Kingdom,24.28,2.18,40.57,19.09,468,Profit
Grupo Mexico,Mexico,13.93,3.26,32.66,37.81,469,Profit
Keurig Dr Pepper,United States,14.33,1.32,51.66,46.65,469,Profit
GE Healthcare,United States,18.34,1.92,32.64,35.91,471,Profit
Maybank,Malaysia,9.9,1.87,215.17,23.77,472,Profit
Toyota Industries,Japan,24.94,1.42,58.77,18.23,473,Profit
Commerzbank,Germany,15.55,1.51,524.97,13.46,474,Profit
Corteva,United States,17.74,1.18,45.5,41.41,474,Profit
TC Energy,Canada,11.01,1.28,88.08,41.63,476,Profit
Bharti Airtel,India,17.12,0.9345,52.92,53.66,477,Profit
Williams,United States,10.9,2.6,48.94,36.77,477,Profit
Henkel,Germany,23.54,1.32,35.41,34.28,479,Profit
Veolia Environnement,France,45.07,0.7523,78.23,21.9,480,Profit
Fifth Third Bank,United States,10.41,2.51,208.66,16.91,481,Profit
Fast Retailing,Japan,19.0,2.09,22.14,72.67,482,Profit
S.F. Holding,China,38.67,1.0,31.15,38.26,483,Profit
Intuit,United States,13.68,1.95,27.2,119.5,484,Profit
Prudential Financial,United States,62.29,0.019,709.27,29.95,485,Profit
Salesforce,United States,31.35,0.208,102.58,197.59,486,Profit
China Coal Energy,China,32.9,2.98,48.85,11.32,487,Profit
FirstRand,South Africa,10.84,2.19,125.95,19.28,488,Profit
Svenska Handelsbanken,Sweden,10.09,2.18,347.37,17.07,489,Profit
NetEase,China,14.34,2.93,24.85,56.68,490,Profit
Lenovo Group,Hong Kong,66.01,1.91,41.75,12.35,491,Profit
New China Life Insurance,China,33.28,1.49,177.0,9.68,492,Profit
CME Group,United States,5.11,2.87,166.04,66.6,493,Profit
Recruit Holdings,Japan,25.56,2.25,20.53,44.4,494,Profit
Tongwei,China,21.87,4.25,23.65,24.95,494,Profit
Swedbank,Sweden,8.78,2.39,292.81,19.0,496,Profit
BASF,Germany,87.6,-0.2974,93.59,48.04,497,Loss
Intact Financial,Canada,16.21,1.86,43.73,26.07,498,Profit
George Weston,Canada,43.82,1.4,36.13,18.17,499,Profit
Parker-Hannifin,United States,18.16,1.5,30.52,42.75,500,Profit
Air Products & Chemicals,United States,12.88,2.26,28.28,65.89,501,Profit
Kotak Mahindra Bank,India,8.51,1.86,75.49,46.83,502,Profit
Edison International,United States,17.22,0.943,78.85,28.17,503,Profit
Standard Bank Group,South Africa,12.18,2.18,169.49,14.68,503,Profit
Muyuan Foodstuff,China,18.51,1.97,27.75,36.11,505,Profit
Imperial Brands,United Kingdom,21.57,2.0,34.56,22.0,506,Profit
Mitsui Fudosan,Japan,17.18,1.53,67.01,18.36,506,Profit
Public Service Enterprise Group,United States,11.04,2.32,49.41,31.84,508,Profit
STMicroelectronics,Switzerland,16.84,4.59,21.2,38.26,509,Profit
Inpex,Japan,17.67,3.33,47.46,14.37,510,Profit
Canadian Pacific Kansas City,Canada,6.99,2.82,54.31,75.1,511,Profit
Naspers,South Africa,7.57,3.76,62.16,35.64,511,Profit
Samsung C&T,South Korea,32.8,1.71,46.64,13.6,513,Profit
Alpha Dhabi Holding,United Arab Emirates,10.91,1.99,35.68,59.15,514,Profit
Capgemini,France,23.12,1.63,27.19,31.68,514,Profit
Compass Group,United Kingdom,32.54,1.42,20.93,45.54,516,Profit
Oneok,United States,21.71,2.38,24.46,28.86,517,Profit
Kenvue,United States,14.93,2.09,27.32,45.48,518,Profit
Swiss Re,Switzerland,46.29,0.4737,164.17,28.74,519,Profit
Dollar Tree,United States,28.33,1.62,23.02,34.39,520,Profit
Suzuki Motor,Japan,33.51,1.58,33.17,17.22,521,Profit
Synchrony Financial,United States,14.1,2.69,107.85,11.72,522,Profit
Haleon,United Kingdom,13.5,1.33,41.88,39.79,523,Profit
Bouygues,France,46.58,1.02,64.67,12.95,524,Profit
Hermès International,France,12.19,3.54,18.63,229.4,524,Profit
Coca-Cola Europacific Partners,United Kingdom,18.2,1.58,31.28,29.99,526,Profit
Sinopharm Group,China,81.97,1.26,52.47,10.95,527,Profit
Raymond James Financial,United States,12.59,1.67,79.18,18.56,528,Profit
Ericsson,Sweden,26.85,1.66,33.33,18.11,529,Profit
Longi Green Energy Technology,China,20.13,2.3,20.94,36.39,530,Profit
Woolworths,Australia,43.07,1.19,22.9,32.08,531,Profit
Thales,France,18.46,1.18,36.73,31.05,532,Profit
Wuliangye Yibin,China,9.66,4.14,23.34,97.56,533,Profit
Eversource Energy,United States,12.61,1.45,54.1,27.0,534,Profit
Walgreens Boots Alliance,United States,133.29,-3.15,100.48,27.76,535,Loss
American Airlines Group,United States,52.26,1.77,66.79,9.05,536,Profit
Kuehne & Nagel International,Switzerland,37.67,2.43,15.42,36.03,537,Profit
Wesfarmers,Australia,28.76,1.75,18.72,39.4,538,Profit
Anhui Conch Cement,China,19.53,2.38,35.46,16.44,539,Profit
Indian Oil,India,103.42,0.7819,55.92,14.29,540,Profit
Cathay Financial,Taiwan,8.65,1.25,392.33,22.55,541,Profit
Central Japan Railway,Japan,10.33,1.62,71.49,24.76,542,Profit
NXP Semiconductors,Netherlands,13.19,2.75,23.73,43.33,543,Profit
Republic Services,United States,14.12,1.52,29.08,46.13,543,Profit
Fujitsu,Japan,27.4,1.59,24.54,25.69,545,Profit
Saudi Arabian Mining,Saudi Arabia,10.73,2.48,29.69,44.63,546,Profit
CTBC Financial,Taiwan,13.96,1.05,251.19,14.73,547,Profit
Halliburton,United States,21.69,1.96,23.62,26.96,548,Profit
Hewlett Packard Enterprise,United States,28.97,0.856,55.59,18.29,548,Profit
VMware,United States,13.35,1.31,31.24,53.18,550,Profit
Fujifilm Holdings,Japan,20.98,1.58,31.44,21.28,551,Profit
Nintendo,Japan,12.7,3.47,21.11,49.13,552,Profit
Citizens Financial Group,United States,10.35,2.16,222.26,12.8,553,Profit
Kimberly-Clark,United States,20.27,1.98,18.18,48.98,554,Profit
Infosys,India,18.26,3.0,15.31,63.86,555,Profit
Tokyo Electron,Japan,16.84,3.65,15.86,54.6,556,Profit
Teck Resources,Canada,13.14,2.19,39.72,22.33,557,Profit
Sumitomo Mitsui Trust,Japan,11.75,1.31,516.55,13.37,558,Profit
Warner Bros. Discovery,United States,41.36,-8.9,130.58,31.32,559,Loss
MediaTek,Taiwan,16.5,3.35,19.8,35.07,560,Profit
Illinois Tool Works,United States,16.01,3.09,15.92,69.99,561,Profit
Woori Financial Group,South Korea,20.47,2.42,379.97,6.41,562,Profit
JBS,Brazil,72.58,2.99,39.42,8.16,563,Profit
DTE Energy,United States,18.24,1.13,42.52,23.36,564,Profit
Metallurgical Corp of China,China,89.92,1.6,92.58,6.39,565,Profit
Samsung Life Insurance,South Korea,23.15,1.23,249.47,9.07,566,Profit
Nippon Yusen,Japan,20.19,9.41,28.46,11.69,567,Profit
Advanced Micro Devices,United States,23.07,0.395,67.63,144.68,568,Profit
Huntington Bank,United States,8.72,2.38,189.07,14.22,569,Profit
Arch Capital Group,Bermuda,10.71,2.0,42.38,27.86,570,Profit
TE Connectivity,Switzerland,16.46,2.13,21.49,38.74,571,Profit
Bunge,United States,66.67,1.55,27.11,13.64,572,Profit
China Zheshang Bank,China,17.44,2.06,399.74,7.86,573,Profit
Allstate,United States,52.86,-2.29,90.1,30.42,574,Loss
Luxshare Precision Industry,China,32.36,1.37,21.31,26.7,575,Profit
Jackson Financial,United States,14.46,5.7,284.87,2.91,576,Profit
Albertsons,United States,77.65,1.51,28.75,11.94,577,Profit
HeidelbergCement,Germany,22.17,1.68,36.38,14.33,577,Profit
Edp-energias De Portugal,Portugal,21.89,0.7132000000000001,62.77,22.31,579,Profit
Entergy,United States,13.76,1.1,58.59,22.7,579,Profit
Evergreen Marine Corp. (Taiwan),Taiwan,21.04,11.21,28.88,10.46,579,Profit
L3Harris Technologies,United States,17.43,0.924,35.51,35.57,582,Profit
Deutsche Boerse,Germany,5.74,1.61,299.63,35.54,583,Profit
Atlas Copco,Sweden,14.54,2.39,16.97,70.99,584,Profit
Regions Financial,United States,8.02,2.31,154.13,15.46,584,Profit
Bank of Baroda,India,12.81,1.49,176.29,11.59,586,Profit
TELUS,Canada,14.33,1.09,39.89,30.1,587,Profit
Boston Scientific,United States,13.04,0.902,32.89,74.1,588,Profit
Cognizant,United States,19.41,2.31,18.15,32.12,589,Profit
Samsung SDI,South Korea,16.36,1.57,23.93,34.58,590,Profit
Coal India,India,16.89,3.73,23.99,17.88,591,Profit
Tata Steel,India,30.28,1.09,35.05,16.22,591,Profit
Asahi Group Holdings,Japan,19.09,1.15,36.61,19.79,593,Profit
China Tower Corp.,China,13.7,1.31,43.95,22.05,594,Profit
The Estée Lauder Companies,United States,15.8,1.09,22.71,72.71,595,Profit
Riyad Bank,Saudi Arabia,4.94,1.99,380.63,25.68,595,Profit
MGM Resorts,United States,14.15,1.94,43.54,15.69,597,Profit
Biogen,United States,9.52,3.13,24.6,46.04,598,Profit
Neste,Finland,26.5,1.55,17.03,35.89,599,Profit
East Japan Railway,Japan,17.75,0.7323,70.27,21.96,600,Profit
Telstra,Australia,15.43,1.22,28.63,33.7,601,Profit
Ferguson,United Kingdom,30.01,2.1,15.22,31.5,602,Profit
Kubota,Japan,20.37,1.19,35.86,18.32,603,Profit
Colgate-Palmolive,United States,18.34,1.6,16.17,66.86,604,Profit
Kuwait Finance House,Kuwait,6.33,1.42,120.11,35.3,605,Profit
AutoZone,United States,16.89,2.42,15.54,49.52,606,Profit
Raiffeisen Bank International,Austria,14.67,3.9,229.22,5.04,606,Profit
China Merchants Shekou Industrial Zone Holdings,China,25.13,0.5969,132.91,15.65,608,Profit
Sompo,Japan,33.79,0.5986,113.22,14.05,608,Profit
Grupo Bimbo,Mexico,20.74,2.36,18.73,24.62,610,Profit
China National Nuclear Power,China,10.38,1.33,69.66,19.36,611,Profit
Hess,United States,12.46,2.15,21.94,41.85,612,Profit
CK Asset Holdings,Hong Kong,7.29,2.77,65.96,21.31,613,Profit
SingTel,Singapore,10.9,1.58,33.03,32.25,614,Profit
Deutsche Lufthansa,Germany,35.8,0.9443,48.79,12.1,615,Profit
Rogers Communications,Canada,11.8,1.36,41.47,24.76,616,Profit
Legal & General Group,United Kingdom,-109.99,2.82,609.05,17.08,617,Profit
Publicis Groupe,France,14.92,1.28,38.31,19.53,618,Profit
Swisscom,Switzerland,11.61,1.67,27.74,35.13,619,Profit
Mitsubishi Heavy Industries,Japan,31.57,0.9881,41.52,13.01,620,Profit
SK,South Korea,104.64,0.8503,153.82,6.73,620,Profit
Vertex Pharmaceuticals,United States,9.02,3.26,18.97,89.65,620,Profit
Sichuan Road & Bridge,China,21.47,1.8,30.35,13.55,623,Profit
Viatris,United States,16.17,2.08,50.02,11.13,624,Profit
Bank Of Hangzhou,China,9.65,1.8,246.82,11.07,625,Profit
Idemitsu Kosan,Japan,70.33,2.5,39.47,6.44,626,Profit
SSE,United Kingdom,13.64,1.31,31.85,25.43,627,Profit
Industrial Bank of Korea,South Korea,15.9,2.17,341.62,6.04,628,Profit
China Energy Engineering,China,55.52,1.15,101.63,4.17,629,Profit
WEC Energy Group,United States,9.58,1.35,42.8,30.29,630,Profit
Hanwha,South Korea,48.2,1.02,167.0,1.52,631,Profit
Trane Technologies,Ireland,16.3,1.8,17.9,40.32,632,Profit
PPG,United States,17.72,1.27,22.1,32.49,633,Profit
Volvo Car,Sweden,33.83,1.48,31.48,11.28,634,Profit
Weichai Power,China,27.3,0.8319,44.74,14.62,635,Profit
Meituan,China,32.58,-1.04,35.17,108.17,636,Loss
CBRE Group,United States,30.91,1.13,21.03,23.17,637,Profit
Crown Castle International,United States,7.02,1.67,39.05,51.39,638,Profit
Diamondback Energy,United States,9.16,4.28,27.59,24.05,639,Profit
Activision Blizzard,United States,8.14,1.86,27.39,59.75,640,Profit
Xiamen C&D,China,123.66,0.8852000000000001,112.12,4.57,641,Profit
CGN Power,China,12.1,1.56,60.05,13.77,642,Profit
Sampo,Finland,9.45,1.5,42.46,25.58,642,Profit
Inner Mongolia Yili,China,18.21,1.39,21.43,27.51,644,Profit
Northern Trust,United States,8.71,1.27,151.11,15.21,645,Profit
Aeon,Japan,67.95,0.1594,90.6,17.43,646,Profit
Murata Manufacturing,Japan,12.45,1.87,21.59,36.44,647,Profit
Blackstone,United States,12.49,0.6166,41.09,98.8,648,Profit
Cardinal Health,United States,198.66,0.463,43.38,21.18,649,Profit
Loews,United States,14.43,1.05,76.56,13.36,649,Profit
Abu Dhabi Commercial Bank,United Arab Emirates,6.89,1.79,136.53,16.83,651,Profit
Ecolab,United States,14.49,1.15,21.25,49.45,652,Profit
RELX,United Kingdom,10.54,2.01,19.04,58.21,653,Profit
Safran,France,20.52,-2.58,49.98,64.35,654,Loss
Uber,United States,33.85,-3.37,32.45,76.4,654,Loss
Nomura,Japan,18.35,0.6847000000000001,358.94,10.69,656,Profit
IQVIA,United States,14.49,1.05,25.74,34.98,657,Profit
United Rentals,United States,12.4,2.19,24.63,23.51,658,Profit
Gallagher,United States,8.44,1.11,38.91,45.35,659,Profit
Prudential,United Kingdom,-7.34,1.04,163.13,41.09,660,Profit
Equitable Holdings,United States,12.43,1.39,261.5,8.69,661,Profit
Hindalco Industries,India,28.38,1.47,27.55,11.93,661,Profit
The Mosaic Company,United States,18.81,2.84,22.86,12.99,663,Profit
Norsk Hydro,Norway,21.93,2.51,20.16,14.13,663,Profit
Richemont,Switzerland,21.61,0.1278,38.83,94.06,663,Profit
O'Reilly Automotive,United States,14.82,2.21,12.97,58.17,666,Profit
Subaru,Japan,26.95,1.23,29.16,12.57,667,Profit
National Bank of Kuwait,Kuwait,5.56,1.64,118.83,25.36,668,Profit
Toshiba,Japan,25.48,1.24,26.57,14.16,668,Profit
Xiaomi,China,41.73,0.3443,39.34,35.5,670,Profit
ASE Technology Holding,Taiwan,21.62,1.81,22.18,14.46,671,Profit
Kyocera,Japan,15.28,1.12,30.25,19.1,672,Profit
Hikvision,China,11.99,1.8,17.05,50.56,673,Profit
Chongqing Changan Auto,China,17.1,1.49,25.34,16.9,674,Profit
Mitsubishi Estate,Japan,10.27,1.3,53.15,15.84,675,Profit
BOE Technology Group,China,24.02,0.4973,60.01,21.75,676,Profit
Turkish Airlines,Turkey,19.68,2.79,32.0,8.88,676,Profit
JFE Holdings,Japan,39.36,1.59,43.22,6.93,678,Profit
China National Building,China,34.25,1.2,69.4,5.8,679,Profit
TBEA,China,15.12,2.55,26.19,12.58,680,Profit
Ross Stores,United States,18.7,1.51,14.4,35.72,681,Profit
Keyence,Japan,6.81,2.68,19.91,114.0,682,Profit
Quinenco,Chile,11.7,4.05,81.66,6.96,683,Profit
Best Buy,United States,46.3,1.42,15.8,16.04,684,Profit
Renesas Electronics,Japan,11.17,2.23,21.34,24.65,685,Profit
Amphenol,United States,12.64,1.92,15.38,45.07,686,Profit
KLA,United States,10.59,3.51,13.68,52.91,686,Profit
Vedanta Limited,India,18.93,1.84,24.84,12.49,688,Profit
Danske Bank,Denmark,16.94,-0.3847,552.96,17.22,689,Loss
Ally Financial,United States,13.24,1.38,196.16,7.62,690,Profit
Corning,United States,13.64,0.911,28.82,26.76,690,Profit
Genuine Parts,United States,22.57,1.24,16.91,24.41,692,Profit
Steel Dynamics,United States,21.58,3.4,14.22,16.85,693,Profit
Reinsurance Group of America,United States,16.57,0.938,86.4,9.75,694,Profit
Hong Kong Exchanges,Hong Kong,2.46,1.38,48.34,51.54,695,Profit
Daqin Railway,China,11.26,1.73,29.77,17.04,696,Profit
Isbank,Turkey,17.01,1.81,86.78,5.46,697,Profit
Verbund,Austria,10.87,1.8,21.05,30.13,698,Profit
Bajaj Finserv,India,10.24,0.7985,49.34,26.47,699,Profit
Semiconductor Manufacturing International,China,7.27,1.82,43.81,21.15,700,Profit
Southwest Airlines,United States,24.83,0.658,35.55,17.65,701,Profit
Fortis (Canada),Canada,8.71,1.12,47.76,21.93,702,Profit
SK Innovation,South Korea,61.8,0.5523,55.25,11.57,703,Profit
Associated British Foods,United Kingdom,22.63,0.9101,23.15,18.88,704,Profit
Jardine Matheson,Bermuda,37.72,0.354,89.15,14.25,704,Profit
KeyCorp,United States,8.68,1.78,197.52,9.19,706,Profit
ZTE,China,17.97,1.25,26.77,14.3,707,Profit
Sekisui House,Japan,22.06,1.39,23.13,13.19,708,Profit
Omnicom Group,United States,14.32,1.37,25.24,17.91,709,Profit
Grasim Industries,India,14.37,1.05,39.15,14.1,710,Profit
Quanta Computer,Taiwan,42.95,0.9713,26.55,11.27,711,Profit
Sabanci Holding,Turkey,14.57,2.64,66.56,3.91,712,Profit
Rongsheng Petrochemical,China,39.86,-0.1814,52.81,18.56,713,Loss
International Paper,United States,20.94,1.8,23.77,11.23,714,Profit
Eiffage,France,21.93,0.9417,38.63,10.95,715,Profit
Tenaris,Luxembourg,13.51,3.17,18.64,16.14,715,Profit
Tokyo Gas,Japan,24.27,2.07,26.91,9.02,717,Profit
Korea Gas,South Korea,40.02,1.16,49.37,1.75,718,Profit
Fox,United States,14.29,1.51,23.13,17.09,719,Profit
Siemens Energy,Germany,31.64,-0.7903,51.24,19.64,720,Loss
QBE Insurance Group,Australia,14.86,0.7863,43.81,15.44,721,Profit
Mahindra & Mahindra,India,14.61,1.26,23.61,18.43,722,Profit
DISH Network,United States,16.68,2.3,53.74,3.78,723,Profit
Constellation Energy,United States,25.03,-0.169,46.16,25.75,724,Loss
Tata Motors,India,40.5,-0.5121,38.8,22.49,725,Loss
Westlake Chemical,United States,15.09,1.87,20.81,15.48,725,Profit
Bank Leumi,Israel,5.26,2.29,198.15,12.07,727,Profit
Canara Bank,India,13.22,1.25,163.63,7.06,728,Profit
WW Grainger,United States,15.67,1.67,7.83,33.89,729,Profit
HD HYUNDAI,South Korea,50.2,0.9647,51.85,3.09,730,Profit
Huishang Bank,China,10.16,2.0,227.36,4.41,731,Profit
Coterra Energy,United States,9.08,4.13,20.14,19.28,732,Profit
Fubon Financial,Taiwan,9.76,0.471,349.11,23.91,733,Profit
AirBnB,United States,8.4,1.89,16.04,75.77,734,Profit
AerCap Holdings,Ireland,6.87,1.71,69.68,13.7,735,Profit
Simon Property Group,United States,5.35,2.16,33.3,35.81,736,Profit
Renault,France,48.76,-0.3552,126.28,10.45,737,Loss
Equinix,United States,7.53,0.8157000000000001,31.27,68.66,738,Profit
Solvay,Belgium,16.63,1.89,22.19,12.31,739,Profit
Public Bank,Malaysia,4.57,1.39,111.98,17.54,740,Profit
LG Electronics,South Korea,63.31,0.3368,44.16,14.87,741,Profit
Fidelity National Information (FIS),United States,14.55,-16.7,61.08,33.03,742,Loss
UPM-Kymmene,Finland,12.48,1.63,21.79,17.7,743,Profit
NEC,Japan,24.45,0.8449,29.93,11.83,744,Profit
Ameren,United States,8.14,1.09,38.06,23.71,745,Profit
WTW,United Kingdom,8.96,1.09,31.91,24.24,746,Profit
EQT,United States,11.48,4.51,22.69,11.7,747,Profit
Korea Electric Power,South Korea,55.15,-18.94,185.69,9.22,747,Loss
ThyssenKrupp Group,Germany,43.23,1.16,38.53,4.53,749,Profit
YPF,Argentina,18.63,2.21,25.91,9.05,750,Profit
The Hershey Company,United States,10.74,1.7,11.11,56.18,751,Profit
ITC,India,8.88,2.32,10.1,65.15,752,Profit
Microchip Technology,United States,8.44,2.24,16.37,41.18,753,Profit
MTR,Hong Kong,6.11,1.25,41.91,31.5,753,Profit
Bank Hapoalim,Israel,5.24,1.94,188.56,11.73,755,Profit
Targa Resources,United States,19.95,1.11,19.03,16.25,756,Profit
HCL Technologies,India,12.62,1.85,11.37,35.01,757,Profit
Saudi British Bank,Saudi Arabia,3.6,1.3,83.67,19.04,758,Profit
Tenaga Nasional,Malaysia,15.17,0.7869,50.3,11.64,759,Profit
VICI Properties,United States,3.06,1.4,41.85,32.95,759,Profit
PulteGroup,United States,16.62,2.68,14.83,14.96,761,Profit
Sodexo,France,23.92,0.8319,21.82,15.54,762,Profit
WPP,United Kingdom,17.77,0.8409,34.99,12.04,763,Profit
Bank of Ireland,Ireland,8.12,1.03,163.28,10.46,764,Profit
Builders FirstSource,United States,20.93,2.44,10.48,14.26,765,Profit
Santos,Australia,7.9,2.1,30.3,15.85,765,Profit
Pembina Pipeline,Canada,8.92,2.28,23.23,17.8,767,Profit
Albemarle,United States,8.77,3.67,17.56,21.09,768,Profit
Baker Hughes Company,United States,22.04,-0.098,35.04,28.57,769,Loss
CIMB Group Holdings,Malaysia,6.3,1.24,151.36,12.33,770,Profit
Otsuka Holding,Japan,13.21,1.02,23.52,18.87,771,Profit
Zoetis,United States,8.09,2.07,13.75,86.06,772,Profit
HF Sinclair,United States,38.31,3.09,18.01,7.4,773,Profit
Suzano,Brazil,9.96,3.55,26.7,10.95,774,Profit
Mitsui OSK Lines,Japan,11.89,5.87,26.78,8.51,775,Profit
Realty Income,United States,3.48,0.8951,51.1,42.38,776,Profit
Apollo Global Management,United States,6.86,-3.26,259.33,48.0,777,Loss
W. R. Berkley,United States,11.15,1.08,30.31,15.29,777,Profit
Labcorp,United States,14.76,1.0,20.2,19.81,779,Profit
Unum,United States,12.03,1.42,50.9,8.71,780,Profit
Shanghai Rural Commercial Bank,China,7.04,1.66,192.23,8.58,781,Profit
Public Storage,United States,4.31,4.35,17.51,52.02,782,Profit
Country Garden Holdings,China,63.44,-0.8605,250.94,7.35,783,Loss
CDW,United States,22.9,1.09,12.77,22.37,784,Profit
Huatai Securities,China,5.18,1.65,126.87,12.14,785,Profit
CenterPoint Energy,United States,9.34,0.851,37.75,19.26,786,Profit
Grupo ACS,Spain,35.33,0.7022999999999999,39.78,8.82,786,Profit
Telkom Indonesia,Indonesia,9.83,1.4,18.57,28.15,788,Profit
United Microelectronics,Taiwan,8.86,2.75,18.05,20.24,789,Profit
Aptiv,Ireland,18.13,0.667,21.72,25.27,790,Profit
Samsung Fire & Marine,South Korea,16.46,0.9907,68.41,7.29,790,Profit
NN Group,Netherlands,18.14,0.4645,230.62,10.32,792,Profit
China Hongqiao Group,China,19.62,1.33,26.72,9.29,793,Profit
Otis Worldwide,United States,13.62,1.27,9.85,35.53,793,Profit
Sasol,South Africa,18.78,2.35,24.8,7.95,795,Profit
Yara International,Norway,22.03,1.92,17.65,10.4,796,Profit
Continental,Germany,41.42,0.07,42.09,14.1,797,Profit
Sumitomo Electric,Japan,29.2,0.7621,30.08,10.0,798,Profit
China Bohai Bank,China,10.21,1.19,248.4,3.06,799,Profit
Nan Ya Plastics,Taiwan,11.91,1.08,21.65,20.06,800,Profit
Guotai Junan Securities,China,5.7,1.64,123.81,11.74,801,Profit
Block,United States,17.53,-0.5407000000000001,31.36,35.67,802,Loss
Aluminum Corp of China,China,43.28,0.6267999999999999,30.55,10.37,803,Profit
Emaar Properties,United Arab Emirates,7.09,1.86,36.04,14.44,804,Profit
Kellogg,United States,15.7,0.836,18.63,24.11,805,Profit
SQM,Chile,10.79,3.94,10.82,19.32,806,Profit
Ashtead Group,United Kingdom,9.33,1.58,18.05,25.59,807,Profit
Daiichi Sankyo,Japan,9.43,0.8057000000000001,18.85,66.62,808,Profit
Power Finance,India,9.23,1.83,99.72,5.45,809,Profit
Thomson Reuters,Canada,6.7,1.18,21.04,56.31,810,Profit
Galp Energia,Portugal,27.38,1.91,16.72,9.48,811,Profit
Absa Group,South Africa,9.74,1.26,105.39,7.39,812,Profit
Assa Abloy,Sweden,12.18,1.36,14.83,26.53,813,Profit
Essity,Sweden,15.86,0.7625000000000001,20.81,21.46,814,Profit
Joint Stock Commercial Bank for Foreign Trade of Vietnam,Vietnam,4.4,1.15,69.13,18.13,814,Profit
First Citizens Bank (NC),United States,5.1,1.1,110.69,14.56,816,Profit
Henderson Land,Hong Kong,3.25,1.18,67.88,17.61,817,Profit
Huaneng Power International,China,36.42,-1.51,74.15,9.94,817,Loss
East Money Information,China,1.98,1.22,32.19,35.72,819,Profit
Chesapeake Energy,United States,14.12,4.94,15.73,10.53,820,Profit
Sika,Switzerland,10.98,1.22,12.41,42.88,821,Profit
Chongqing Rural Bank,China,8.05,1.56,208.44,4.62,822,Profit
Resona Holdings,Japan,6.35,0.8147000000000001,556.79,11.62,823,Profit
Jabil Circuit,United States,35.13,0.963,19.57,10.25,824,Profit
HMM,South Korea,14.38,7.78,20.54,7.41,825,Profit
Aegon,Netherlands,20.07,-0.7956000000000001,405.29,8.92,826,Loss
Globalfoundries,United States,8.11,1.45,17.84,32.54,827,Profit
MOL Hungarian Oil,Hungary,26.61,2.29,21.23,6.58,828,Profit
Ageas,Belgium,9.3,1.06,106.17,8.17,829,Profit
Hengli Petrochemical,China,31.66,-0.129,34.75,15.71,830,Loss
Mitsubishi UFJ Lease,Japan,14.16,0.8331000000000001,84.32,7.48,831,Profit
Greenland Holdings Group,China,63.32,0.2994,190.35,6.18,832,Profit
Dongfeng Motor Group,China,13.76,1.53,47.48,4.08,833,Profit
Shanghai Pharmaceuticals,China,35.1,0.8678,29.98,7.64,834,Profit
Roper Technologies,United States,5.56,1.17,27.14,48.83,835,Profit
Celanese,United States,9.67,1.89,26.27,11.74,836,Profit
Julius Baer Group,Switzerland,4.73,0.9943,114.19,14.49,837,Profit
Isuzu Motors,Japan,23.38,1.12,22.85,9.28,838,Profit
TD SYNNEX,United States,62.0,0.6821,29.23,8.34,839,Profit
Motorola Solutions,United States,9.39,1.37,12.35,47.22,840,Profit
China Molybdenum,China,25.1,0.6788,23.72,12.96,841,Profit
GS Holdings,South Korea,22.27,1.66,26.83,2.82,842,Profit
Great Wall Motor,China,18.59,1.01,25.92,9.85,843,Profit
Sandvik,Sweden,11.39,1.04,17.41,25.41,844,Profit
Air France-KLM,France,29.41,0.9734,34.81,4.12,845,Profit
PPL,United States,8.54,0.725,38.3,21.19,845,Profit
Hilton Worldwide Holdings,United States,9.38,1.25,15.21,38.27,847,Profit
Everest Re Group,Bermuda,12.45,0.6511,38.92,14.74,848,Profit
Kasikornbank,Thailand,8.18,1.0,123.94,8.84,849,Profit
China Resources Power,Hong Kong,13.19,0.8994,36.31,10.79,850,Profit
Barrick Gold,Canada,10.84,0.0774,46.15,35.33,851,Profit
Molina Healthcare,United States,32.35,0.855,13.37,17.46,852,Profit
TDK,Japan,16.09,0.8426,23.65,13.73,852,Profit
Magna International,Canada,38.91,0.4458,27.79,15.38,854,Profit
Power Grid of India,India,5.6,1.94,31.06,20.55,855,Profit
Union Bank of India,India,11.28,0.9229,150.49,6.38,856,Profit
Newmont Mining,United States,11.64,-0.537,38.37,38.72,857,Loss
Paramount,United States,30.09,-0.447,56.56,10.98,857,Loss
Geely Automobile Holdings,Hong Kong,21.84,0.7503,22.7,12.38,859,Profit
Guosen Securities,China,4.26,1.57,58.85,13.66,860,Profit
Wipro,India,11.26,1.41,14.31,25.41,860,Profit
Lonza Group,Switzerland,6.52,1.27,18.98,48.3,862,Profit
China National Chemical,China,24.1,0.8093,29.02,9.06,863,Profit
Tractor Supply,United States,14.48,1.08,8.85,26.33,864,Profit
Gemdale,China,17.18,0.8735,61.49,5.49,865,Profit
Adidas,Germany,23.38,0.0936,21.38,33.47,866,Profit
Sunshine Insurance Group,China,19.48,0.7182999999999999,69.25,6.41,866,Profit
Ryanair Holdings,Ireland,10.62,1.44,16.82,18.66,868,Profit
GF Securities,China,5.49,1.42,86.79,11.42,869,Profit
Reliance Steel,United States,16.5,1.7,10.2,14.32,870,Profit
SM Investments,Philippines,9.62,0.7986000000000001,26.92,20.44,871,Profit
Delta Electronics,Taiwan,12.98,1.1,14.01,25.69,872,Profit
KKR,United States,5.29,-0.8411000000000001,277.08,44.36,873,Loss
FirstEnergy,United States,12.7,0.41,46.48,22.74,874,Profit
CNPC Capital,China,5.5,0.7855,146.28,15.18,875,Profit
SCB X Public Company,Thailand,5.54,1.55,97.24,10.25,875,Profit
GD Power Development,China,27.54,0.3987,61.57,10.35,877,Profit
Kansai Electric Power,Japan,29.16,0.1305,65.93,9.69,878,Profit
ON Semiconductor Corp.,United States,8.34,1.83,12.27,35.08,878,Profit
Siam Cement,Thailand,15.47,0.8235,27.01,11.46,878,Profit
Legend Holding,China,71.9,0.1905,97.97,2.46,881,Profit
China Cinda Asset Management,China,9.26,0.9539,232.46,4.72,882,Profit
Shanghai International Port,China,4.66,2.23,26.79,19.31,883,Profit
China Taiping Insurance,Hong Kong,38.92,0.3571,178.48,4.42,884,Profit
Cintas,United States,8.61,1.29,8.47,47.43,884,Profit
Conagra Brands,United States,12.21,0.805,22.45,18.04,886,Profit
Arrow Electronics,United States,36.79,1.34,20.28,6.76,887,Profit
Fortum,Finland,91.17,-2.54,25.23,13.4,888,Loss
JSW Steel,India,21.1,0.4724,24.15,21.69,889,Profit
Mitsubishi Chemical,Japan,34.08,0.5478999999999999,44.45,8.36,890,Profit
Jiangxi Copper,China,71.33,0.8992000000000001,24.07,6.31,891,Profit
Philips,Netherlands,18.74,-1.69,33.05,18.62,892,Loss
Stanley Black & Decker,United States,16.43,0.7229,25.07,13.09,892,Profit
MTN Group,South Africa,12.64,1.18,23.03,11.58,894,Profit
Tokyo Electric Power,Japan,57.55,-0.9123,101.91,5.77,895,Loss
Mapfre,Spain,26.35,0.6397999999999999,57.0,6.16,896,Profit
Bancolombia,Colombia,7.85,1.59,72.76,7.38,897,Profit
Dubai Islamic Bank,United Arab Emirates,4.17,1.41,79.51,11.0,898,Profit
Agnico Eagle Mines,Canada,5.92,2.41,29.65,14.47,899,Profit
AntarChile,Chile,30.78,0.9065,29.4,3.95,900,Profit
Amcor,United Kingdom,14.93,0.977,17.28,15.33,901,Profit
PBF Energy,United States,46.98,3.28,13.14,4.13,902,Profit
BDO Unibank,Philippines,4.69,1.12,75.17,13.04,903,Profit
Chipotle Mexican Grill,United States,8.98,1.03,7.05,55.96,904,Profit
TCL Zhonghuan Renewable Energy Technology,China,10.36,1.13,18.07,18.82,905,Profit
Expeditors International,United States,15.0,1.24,5.33,17.98,906,Profit
China Three Gorges Renewables (Group),China,3.6,1.02,39.43,22.57,907,Profit
Shanghai Construction,China,43.4,0.5844,48.92,3.82,908,Profit
Alinma Bank,Saudi Arabia,2.89,0.997,56.94,16.5,909,Profit
WH Group,Hong Kong,28.14,1.37,19.86,7.24,910,Profit
Stora Enso,Finland,12.07,1.51,22.04,10.45,911,Profit
Mazda Motor,Japan,27.78,1.18,24.15,5.74,912,Profit
Marathon Oil,United States,7.35,2.73,19.94,14.16,913,Profit
Link REIT,Hong Kong,1.53,1.87,30.41,16.78,914,Profit
Coles Group,Australia,27.61,0.7917000000000001,13.2,16.47,915,Profit
Avis Budget Group,United States,12.12,2.55,27.39,6.66,916,Profit
Unipol Gruppo,Italy,15.22,0.7178,78.74,4.01,917,Profit
Astellas Pharma,Japan,11.21,0.7284,18.46,27.7,918,Profit
Flex,United States,29.72,0.8190000000000001,20.89,9.25,919,Profit
Fidelity National Financial,United States,10.9,0.68,69.65,9.29,920,Profit
KT,South Korea,19.85,0.9771,32.41,5.89,921,Profit
3i Group,United Kingdom,0.871,4.56,17.37,21.54,922,Profit
Penske Automotive,United States,28.18,1.31,14.4,9.59,923,Profit
Intuitive Surgical,United States,6.43,1.31,13.05,106.83,924,Profit
New York Community Bancorp,United States,3.03,2.5,123.75,6.87,925,Profit
Sumitomo Realty,Japan,7.03,1.19,45.16,10.84,925,Profit
Chunghwa Telecom,Taiwan,7.22,1.22,17.02,32.03,927,Profit
Eletrobrás,Brazil,6.79,0.705,51.18,17.28,928,Profit
Sumitomo Metal Mining,Japan,10.74,2.01,20.31,10.2,929,Profit
Weyerhaeuser,United States,8.95,1.26,16.58,21.73,930,Profit
Bank Negara Indonesia,Indonesia,5.02,1.23,66.15,11.76,931,Profit
CP All,Thailand,23.64,0.3562,26.68,16.96,931,Profit
Ulta Beauty,United States,10.21,1.24,6.0,26.1,933,Profit
Asahi Kasei,Japan,20.35,0.6635,28.03,9.82,934,Profit
International Flavors & Fragrances,United States,12.44,-1.84,35.41,24.6,935,Loss
Techtronic Industries,Hong Kong,13.25,1.08,13.32,19.87,936,Profit
Global Payments,United States,9.11,-0.1443,48.64,27.45,937,Loss
Suncorp Group,Australia,10.14,0.5912999999999999,74.72,10.65,938,Profit
Brookfield Renewable,United States,3.78,1.5,43.29,12.69,939,Profit
Grupa PZU,Poland,9.31,0.756,95.07,8.16,940,Profit
CF Industries Holdings,United States,10.33,3.02,13.4,13.57,941,Profit
Kirin Holdings,Japan,15.13,0.844,19.27,13.2,941,Profit
Legrand,France,8.86,1.11,16.06,24.95,943,Profit
NVR,United States,10.14,1.64,6.08,19.02,943,Profit
CMS Energy,United States,8.51,0.6880000000000001,31.39,18.08,945,Profit
Baxter International,United States,15.05,-2.46,28.29,23.29,946,Loss
Rockwell Automation,United States,8.35,1.32,11.47,32.56,946,Profit
Rolls-Royce Holdings,United Kingdom,16.65,-1.38,35.42,15.96,948,Loss
China Merchants Securities,China,4.93,1.47,89.79,9.09,949,Profit
Credicorp,Peru,5.88,1.21,62.08,11.24,950,Profit
ENN Natural Gas,China,22.23,0.9549,20.27,8.73,950,Profit
Universal Music Group,Netherlands,10.87,0.8219,12.54,38.32,952,Profit
US Steel,United States,20.29,1.84,19.54,4.91,953,Profit
MercadoLibre,Uruguay,11.33,0.618,14.2,62.44,954,Profit
International Airlines,United Kingdom,24.28,0.4744,41.95,9.41,955,Profit
Markel,United States,12.72,0.3079,40.2,18.05,955,Profit
Ovintiv,United States,14.34,3.64,15.06,8.45,957,Profit
ENN Energy Holdings,China,16.41,0.8743,14.72,15.69,958,Profit
Mizrahi Tefahot Bank,Israel,4.85,1.33,121.38,8.55,959,Profit
Monster Beverage,United States,6.49,1.29,8.84,62.5,960,Profit
Carnival Corporation,United States,14.98,-4.89,51.98,12.62,961,Loss
Meritz Financial Group,South Korea,10.7,0.807,72.87,7.11,961,Profit
Hormel Foods,United States,12.38,0.9781,13.28,22.52,963,Profit
China Mengniu Dairy,Hong Kong,13.79,0.8008,16.95,16.58,964,Profit
OTP Bank,Hungary,7.0,0.9982,78.78,8.72,965,Profit
China International Capital,China,2.48,1.05,93.33,10.32,966,Profit
Kone,Finland,11.46,0.862,9.12,30.08,967,Profit
Mega Financial Holding,Taiwan,3.3,0.615,132.13,15.58,968,Profit
Sany Heavy Industry,China,11.39,0.6117,23.16,19.88,968,Profit
CGI,Canada,10.33,1.16,11.9,23.63,970,Profit
Lincoln National,United States,18.71,-2.23,317.96,3.46,970,Loss
Bank Of Chengdu,China,5.7,1.52,143.36,7.51,972,Profit
Nidec,Japan,16.55,0.3321,21.58,29.02,973,Profit
Fosun International,China,26.04,0.1066,118.41,5.61,974,Profit
J.B. Hunt Transport Services,United States,14.55,0.9238,7.79,18.57,975,Profit
Guangzhou Automobile Group,China,16.3,1.21,27.39,6.36,976,Profit
NASDAQ,United States,6.22,1.14,20.77,26.95,977,Profit
Yang Ming Marine Transport,Taiwan,12.61,6.06,16.53,6.97,978,Profit
CarMax,United States,29.68,0.4848,26.55,11.16,979,Profit
Gerdau (Cosigua),Brazil,15.7,2.27,14.94,8.73,980,Profit
Formosa Plastics,Taiwan,8.44,1.21,16.63,19.49,981,Profit
TCL,China,24.04,-0.2392,55.21,8.87,982,Loss
Waste Connections,Canada,7.47,0.8517,17.23,36.12,983,Profit
Bayan Resources,Indonesia,4.72,2.18,3.94,46.96,984,Profit
Jeronimo Martins,Portugal,27.74,0.6666000000000001,12.64,15.88,985,Profit
Chubu Electric Power,Japan,29.42,0.2821,48.5,8.64,986,Profit
Agilent Technologies,United States,6.93,1.32,10.92,39.42,987,Profit
Restaurant Brands International,Canada,6.64,1.01,22.53,22.19,988,Profit
South32,Australia,8.9,2.29,15.78,12.65,988,Profit
Brenntag,Germany,20.42,0.932,12.3,12.7,990,Profit
Banque Saudi Fransi,Saudi Arabia,2.81,0.9521,61.76,12.38,991,Profit
Taiwan Cooperative Financial,Taiwan,2.53,0.6792,145.63,12.44,992,Profit
Wens Foodstuff Group,China,12.98,0.9194,14.19,18.2,992,Profit
Leonardo,Italy,15.46,0.9743,30.5,6.61,994,Profit
SMC,Japan,6.18,1.73,14.39,33.77,995,Profit
Lufax Holding,China,8.69,1.35,50.24,3.81,996,Profit
T&D Holdings,Japan,18.83,-1.58,129.17,7.01,996,Loss
Anta Sports Products,China,7.97,1.13,9.95,34.45,998,Profit
Moody's,United States,5.42,1.38,14.72,55.9,999,Profit
Vestas Wind Systems,Denmark,15.22,-1.65,21.44,28.15,1000,Loss
